distrito,entidad,ganador_2018,pan_2018_%,pri_2018_%,morena_2018_%,pan_2015_%,pri_2015_%,morena_2015_%,candidato_pan,candidato_pri,candidato_morena,pobreza_2015_%,pobreza_extrema_2015_%,diff_pan,diff_pri,diff_morena
1,1,PAN,0.298100928,0.198328144,0.249774187,0.296761658,0.300490377,0.03034789,FRANCISCO JAVIER LUEVANO NUÑEZ,NORMA ESPARZA HERRERA,RAFAEL CALDERON ZAMARRIPA,0.460639,0.0330417,0.00133927,-0.102162233,0.219426297
2,1,MORENA,0.286192122,0.183908516,0.297148995,0.296735529,0.278264868,0.0654559,LEONARDO MONTAÑEZ CASTRO,JOSE CARLOS LOZANO RIVERA RIO,ELBA LORENA TORRES DIAZ,0.26113,0.015845,-0.010543407,-0.094356352,0.231693095
3,1,PAN,0.379467306,0.182393645,0.236020643,0.349661831,0.276645102,0.063165719,MARTHA ELISA GONZALEZ ESTRADA,LIZETTE IVON GONZALEZ MARTINEZ,DULCE MARGARITA ARELLANO GOURCY,0.26113,0.015845,0.029805475,-0.094251457,0.172854924
1,2,MORENA,0.219954482,0.071227184,0.480654695,0.323353744,0.17143788,0.098386949,DAVID DE LA ROSA ANAYA,CELESTINO SALCEDO FLORES,JESUS SALVADOR MINOR MORA,0.2568,0.017329,-0.103399262,-0.100210696,0.382267746
2,2,MORENA,0.237780655,0.104520115,0.439248952,0.279463768,0.133150598,0.094448706,MONICA BEDOYA SERNA,JOSE LAURO ARESTEGUI VERDUGO,MARINA DEL PILAR AVILA OLMEDA,0.2568,0.017329,-0.041683113,-0.028630483,0.344800246
3,2,MORENA,0.177583737,0.125903529,0.403424935,0.227519699,0.193258485,0.151478086,JACINTO SANCHEZ CARO,GENESIS MARQUEZ RUBALCAVA,ARMANDO REYES LEDESMA,0.335033,0.035037,-0.049935962,-0.067354956,0.251946849
4,2,MORENA,0.12561387,0.055277736,0.607201989,0.276732991,0.150655366,0.156063196,RICARDO MAGAÑA MOSQUEDA,VIANCCA LIZBETH BARRETO GONZALEZ,SOCORRO IRMA ANDAZOLA GOMEZ,0.294737,0.018265,-0.151119121,-0.09537763,0.451138793
5,2,MORENA,0.22482004,0.089352564,0.480959157,0.314674092,0.160885202,0.156669954,ROSALBA LOPEZ REGALADO,MIGUEL ANGEL BADIOLA MONTAÑO,MARIO ISMAEL MORENO GIL,0.294737,0.018265,-0.089854052,-0.071532638,0.324289203
6,2,MORENA,0.190522713,0.095885383,0.491783189,0.289037227,0.159065469,0.151383825,ADRIANA GUADALUPE SANCHEZ MARTINEZ,ANA ERIKA SANTANA GONZALEZ,JAVIER JULIAN CASTAÑEDA POMPOSO,0.294737,0.018265,-0.098514514,-0.063180086,0.340399364
7,2,MORENA,0.176485593,0.106443059,0.480586585,0.300266062,0.207587702,0.100029562,JUAN RAMON LOPEZ NARANJO,ADRIANA LOPEZ QUINTERO,ERIK ISAAC MORALES ELVIRA,0.3091155,0.02450325,-0.123780469,-0.101144643,0.380557023
8,2,MORENA,0.128423014,0.07719637,0.563599728,0.288753773,0.229149029,0.128111718,DAVID SAÚL GUAKIL,JORGE MARIO MADRIGAL SILVA,HECTOR RENE CRUZ APARICIO,0.294737,0.018265,-0.160330759,-0.151952659,0.43548801
1,3,MORENA,0.263445577,0.103916793,0.403788657,0.416578663,0.279031564,0.058799755,VENUSTIANO PEREZ SANCHEZ,MARIA ISABEL DE LA PEÑA ANGULO,ANA RUTH GARCIA GRANDE,0.33052725,0.02595425,-0.153133086,-0.175114771,0.344988902
2,3,MORENA,0.227877171,0.054745764,0.405617419,0.39487206,0.168217135,0.066031286,EDA MARIA PALACIOS MARQUEZ,JESÚS FLORES ROMERO,ALFREDO PORRAS DOMINGUEZ,0.259209,0.0237325,-0.166994889,-0.113471371,0.339586133
1,4,MORENA,0.15203119,0.288425223,0.33594233,0.263690395,0.325106241,0.153930302,MANUEL HUMBERTO SANTOS CUITUNY,JORGE ALBERTO CHANONA ECHEVERRIA,CARLOS ENRIQUE MARTÍNEZ AKE,0.5732725,0.126517833,-0.111659205,-0.036681018,0.182012028
2,4,MORENA,0.135288584,0.226012017,0.446346433,0.413712234,0.301592758,0.1064818,ILEANA JANNETTE HERRERA PEREZ,DULCE MARIA CERVERA CETINA,IRASEMA DEL CARMEN BUENFIL DIAZ,0.5467128,0.116586,-0.27842365,-0.075580741,0.339864633
1,5,PAN,0.292305776,0.285898436,0.216430521,0.215756295,0.497945742,0.052759356,EVARISTO LENIN PÉREZ RIVERA,JESUS MARIO FLORES GARZA,CLAUDIA ANDRADE ELIZALDE,0.294842556,0.022930222,0.076549481,-0.212047306,0.163671165
2,5,MORENA,0.192887372,0.310608261,0.3269143,0.136525451,0.538696852,0.055579528,MARTHA MARCELA MARCOS WONG,RICARDO FLAVIO AGUIRRE GUTIERREZ,FRANCISCO JAVIER BORREGO ADAME,0.275574692,0.023214538,0.056361921,-0.228088591,0.271334772
3,5,MORENA,0.257013656,0.266990194,0.320397257,0.262837968,0.482669144,0.039947463,SILVIA GUADALUPE GARZA GALVÁN,MARIA GUADALUPE MURGUIA CARRANZA,MELBA NELIA FARIAS ZAMBRANO,0.265291385,0.021813,-0.005824312,-0.21567895,0.280449794
4,5,PRI,0.274612672,0.30923016,0.260358413,0.251587503,0.457679033,0.043942088,ISIDRO LÓPEZ VILLARREAL,MARTHA HORTENCIA GARAY CADENA,JESUS ARTURO DEL BOSQUE DE LA PEÑA,0.292857,0.0299755,0.023025169,-0.148448873,0.216416325
5,5,PAN,0.342037868,0.25451293,0.291647483,0.333888482,0.363973971,0.065174032,LUIS FERNANDO SALAZAR FERNÁNDEZ,OLIVIA MARTINEZ LEYVA,MA DEL ROSARIO PEREZ DENA,0.261605,0.027792,0.008149386,-0.109461041,0.226473451
6,5,MORENA,0.191891012,0.306836791,0.38213377,0.247678349,0.44749155,0.059918164,GABRIELA CASALE GUERRA,MIGUEL FELIPE MERY AYUP,JOSE ANGEL PEREZ HERNANDEZ,0.36873825,0.041745,-0.055787337,-0.140654759,0.322215606
7,5,PRI,0.187749087,0.329391191,0.302116199,0.195556249,0.492274321,0.043360373,MARIO ALBERTO GONZALEZ AGUILERA,FERNANDO DONATO DE LAS FUENTES HERNANDEZ,MARIA DEL ROSARIO ALVARADO ESTRADA,0.337968667,0.027533333,-0.007807162,-0.16288313,0.258755826
1,6,MORENA,0.176238169,0.229644508,0.309228483,0.281980633,0.262089243,0.01479372,MARTHA MARIA ZEPEDA DEL TORO,MELY ROMERO CELIS,CLAUDIA VALERIA YAÑEZ CENTENO Y CABRERA,0.3535704,0.0288794,-0.105742464,-0.032444735,0.294434763
2,6,MORENA,0.120833361,0.151751506,0.436039188,0.400782657,0.328318155,0.026792625,CICERON ALEJANDRO MANCILLA GONZALEZ,FRANCISCO ALBERTO ZEPEDA GONZALEZ,INDIRA VIZCAINO SILVA,0.4684042,0.067923,-0.279949296,-0.176566649,0.409246563
1,7,MORENA,0.02277969,0.080606344,0.416903433,0.020729868,0.132177165,0.090232263,JUAN GABRIEL ROBLES BALLINAS,NA,MANUELA DEL CARMEN OBRADOR NARVAEZ,0.849740375,0.448915125,0.002049822,-0.051570821,0.32667117
2,7,MORENA,0.032729577,0.222522655,0.273291398,0.012852536,0.386264892,0.035847828,SONIA RODRIGUEZ HERNANDEZ,HUMBERTO PEDRERO MORENO,ANTONIO VALDEZ WENDO,0.946436556,0.569940889,0.019877041,-0.163742237,0.23744357
3,7,MORENA,0.018401384,0.10272989,0.380665462,0.037173349,0.231401187,0.061470037,BRUNO DE JESUS HERRERA MONZON,FABIOLA RICCI DIESTEL,ALFREDO VAZQUEZ VAZQUEZ,0.9050756,0.5319006,-0.018771965,-0.128671297,0.319195425
4,7,MORENA,0.052216723,0.119108045,0.438010741,0.028274737,0.303539738,0.034765856,JUAN JOSE RODRIGUEZ PRATS,JORGE MANUEL PULIDO LOPEZ,ROQUE LUIS RABELO VELASCO,0.784261955,0.287192091,0.023941986,-0.184431693,0.403244885
5,7,MORENA,0.032307708,0.21670908,0.441630875,0.022673951,0.328263687,0.045979557,ENRIQUE GOMEZ HERNANDEZ,NA,CLEMENTINA MARTA DEKKER GOMEZ,0.9164375,0.562116333,0.009633757,-0.111554607,0.395651318
6,7,MORENA,0.048159323,0.075970053,0.51273633,0.047676051,0.226841518,0.109032978,NEREYDA SALDAÑA GALLEGOS,SANDRA LUZ CRUZ ESPINOSA,ZOE ALEJANDRO ROBLEDO ABURTO,0.727175571,0.293681429,0.000483272,-0.150871465,0.403703352
7,7,MORENA,0.043446866,0.119509197,0.448822326,0.065741024,0.177281876,0.059480416,MARGOT DE LOS SANTOS LARA,RACIEL LOPEZ SALAZAR,MIGUEL PRADO DE LOS SANTOS,0.717528444,0.216263667,-0.022294158,-0.057772679,0.38934191
8,7,MORENA,0.022269213,0.158155367,0.377614557,0.013563484,0.22580168,0.043116199,DANIEL SANCHEZ MARTINEZ,JUAN CARLOS GOMEZ ARANDA,MARIA ROSELIA JIMENEZ PEREZ,0.833763375,0.376279,0.008705729,-0.067646313,0.334498358
9,7,MORENA,0.078368108,0.051613762,0.620133362,0.07547679,0.156292164,0.125500492,CLAUDIA DE LOS ANGELES TRUJILLO RINCON,GLORIA MICLOS RAMIREZ,LETICIA ARLETT AGUILAR MOLINA,0.419258,0.066996,0.002891318,-0.104678402,0.49463287
10,7,MORENA,0.018686504,0.138793852,0.361938542,0.037197369,0.198457457,0.060335515,MIREYDA ALEMAN ESCARPULLI,JORGE ALBERTO BETANCOURT ESPONDA,JUAN ENRIQUE FARRERA ESPONDA,0.818804571,0.315137,-0.018510865,-0.059663605,0.301603027
11,7,PVEM,0.013045703,0.139211709,0.227504485,0.008839073,0.153827139,0.017081487,MYRIAM CECILIA SANCHEZ BARRON,NA,YANET MARTINEZ DOMINGUEZ,0.9085137,0.5306056,0.00420663,-0.01461543,0.210422998
12,7,MORENA,0.065046131,0.097990479,0.559000716,0.133123039,0.208392758,0.101838957,MARIA DE LOURDES SANTOS ZOZAYA,RUBEN PEÑALOZA GONZALEZ,JOSE LUIS ELORZA FLORES,0.684345429,0.225348857,-0.068076908,-0.110402279,0.457161759
13,7,MORENA,0.033354378,0.164004104,0.339986922,0.02797735,0.224964662,0.032928798,MARITOÑA CALDERON MERIDA,JOSE ODILON RUIZ SANCHEZ,MARICRUZ ROBLERO GORDILLO,0.824578769,0.281004,0.005377028,-0.060960558,0.307058124
1,8,MORENA,0.113085655,0.101540099,0.432837471,0.156875834,0.28240829,0.108462076,CARLOS FERNANDO ANGULO PARRA,ADRIANA FUENTES TELLEZ,MARIA ESTHER MEJIA CRUZ,0.264178,0.010734,-0.043790179,-0.180868191,0.324375395
2,8,MORENA,0.157282793,0.142315843,0.302251007,0.173362984,0.384246139,0.065860306,LUIS JAVIER MENDOZA VALDEZ,GERARDO ALBERTO FIERRO GARCIA,TERESITA DE JESUS VARGAS MERAZ,0.4039582,0.0279877,-0.016080191,-0.241930296,0.236390701
3,8,MORENA,0.109101218,0.163714828,0.318483577,0.141308689,0.355351412,0.082691751,LUCERO NIETO ROMERO,LILIA GUADALUPE MERODIO REZA,CLAUDIA ELENA LASTRA MUÑOZ,0.264178,0.010734,-0.032207471,-0.191636584,0.235791826
4,8,MORENA,0.226605834,0.145792894,0.302872943,0.267373392,0.240131346,0.095225548,DANIELA SORAYA ÁLVAREZ HERNÁNDEZ,HIRAM HERNANDEZ ZETINA,ULISES GARCIA SOTO,0.264178,0.010734,-0.040767558,-0.094338452,0.207647395
5,8,PAN,0.316780091,0.19507673,0.250628382,0.309422073,0.408444833,0.045623261,MARIO MATA CARRASCO,MARTIN ANTONIO VALDIVIA GONZALEZ,ROSARIO GUADALUPE CHAVEZ VALLES,0.336985143,0.013572571,0.007358018,-0.213368103,0.205005121
6,8,PAN,0.442308581,0.149595675,0.225775149,0.335149123,0.259609196,0.063371264,MIGUEL ALONSO RIGGS BAEZA,MONICA MELENDEZ RAMIREZ,MARCELINO GOMEZ BRENES,0.195908,0.006228,0.107159458,-0.110013521,0.162403885
7,8,MORENA,0.241159335,0.206658392,0.307093754,0.245133136,0.427431728,0.040253202,RAFAEL FRANCISCO JAIME NUÑEZ,NEIL MARTIN PEREZ CAMPOS,ERACLIO RODRIGUEZ GOMEZ,0.562669353,0.123918765,-0.003973801,-0.220773336,0.266840552
8,8,PAN,0.350696727,0.159200955,0.259432102,0.259306163,0.285663403,0.068346776,ALAN JESUS FALOMIR SAENZ,MINERVA CASTILLO RODRIGUEZ,AMERICA VICTORIA AGUILAR GIL,0.195908,0.006228,0.091390564,-0.126462448,0.191085326
9,8,PRI,0.287333621,0.296880529,0.162490431,0.214711688,0.507906494,0.023283117,MARIA DE LOS ANGELES GUTIERREZ VALDEZ,GRACIELA ORTIZ GONZALEZ,MARIA ELENA ROJO ALMARAZ,0.5875217,0.11368145,0.072621933,-0.211025965,0.139207314
1,9,MORENA,0.089226084,0.066292263,0.508381399,0.085976187,0.087878204,0.272114087,LAURA SANDRA MORALES RUIZ,MARIBEL GUADALUPE VILLASEÑOR DAVILA,ERIKA VANESSA DEL CASTILLO IBARRA,0.283919,0.011481,0.003249897,-0.021585941,0.236267312
2,9,MORENA,0.163528919,0.102773531,0.429272627,0.1716615,0.115123563,0.237863768,RICARDO DAVID CHÁVEZ RÍOS,ARACELI GARCIA RICO,ARMANDO GONZALEZ ESCOTO,0.283919,0.011481,-0.008132581,-0.012350032,0.191408859
3,9,MORENA,0.177602348,0.088052731,0.447539472,0.156045009,0.123252586,0.248581186,FERNANDO CUELLAR REYES,MARTIN MORALES MELCHOR,MIGUEL ANGEL JAUREGUI MONTES DE OCA,0.194524,0.005327,0.021557339,-0.035199855,0.198958286
4,9,MORENA,0.092571434,0.063297719,0.491291996,0.068406249,0.074522243,0.294478958,FERNANDO BELAUNZARAN MENDEZ,GRECIA SAMANTHA HERNANDEZ MARTINEZ,JOSE GERARDO RODOLFO FERNANDEZ NOROÑA,0.349561,0.0172,0.024165185,-0.011224524,0.196813038
5,9,MORENA,0.198129059,0.095432734,0.432123086,0.173243201,0.1010498,0.25630142,LOURDES VALDEZ CUEVAS,FRANCISCO RAMON VASSALLO DOMINGUEZ,CLAUDIA LOPEZ RAYON,0.320647,0.017875,0.024885858,-0.005617066,0.175821666
6,9,MORENA,0.206329321,0.14289888,0.385035923,0.182187606,0.16719579,0.19777204,ERNESTO SANCHEZ RODRIGUEZ,MARIA CRISTINA VELAZQUEZ VALENZUELA,SERGIO MAYER BRETON,0.302275,0.011991,0.024141715,-0.02429691,0.187263883
7,9,MORENA,0.103101608,0.085716479,0.448028866,0.088171056,0.127542712,0.270871566,RICARDO JANECARLO LOZANO REYNOSO,MARIA DEL ROSARIO SOLIS HERNANDEZ,BEATRIZ ROJAS MARTÍNEZ,0.283919,0.011481,0.014930552,-0.041826233,0.1771573
8,9,MORENA,0.115502433,0.117980934,0.442728926,0.086105211,0.153721833,0.245995549,ESTHER MARTHA CHAVARRIA,ADRIANHA RANGEL FLORES,MARIA DE JESUS ROSETE SANCHEZ,0.1940475,0.006763,0.029397222,-0.035740899,0.196733377
9,9,MORENA,0.082400689,0.085408944,0.492961194,0.061313651,0.114958449,0.291537303,ALEJANDRO LOPEZ VILLANUEVA,MARCO ANTONIO ZALDIVAR ESPEJEL,ADRIANA MARIA GUADALUPE ESPINOSA DE LOS MONTEROS GARCIA,0.391628,0.013421,0.021087038,-0.029549505,0.201423891
10,9,MORENA,0.305623645,0.107212734,0.367760656,0.267821741,0.106489895,0.152238559,MARIANA GOMEZ DEL CAMPO GURZA,DANIEL VERDUGO TORRES,JAVIER ARIEL HIDALGO PONCE,0.070901,0.001288,0.037801904,0.000722839,0.215522097
11,9,MORENA,0.117420876,0.089676228,0.417390023,0.098874941,0.107969729,0.190915692,ELENA EDITH SEGURA TREJO,CESAR AUGUSTO REYES ORTEGA,ROCIO BARRERA BADILLO,0.227627,0.006747,0.018545935,-0.018293501,0.226474331
12,9,MORENA,0.193065457,0.124996261,0.431686525,0.149225529,0.154044634,0.246449185,DALIA ITZEL BRAVO MARTINEZ,FELIPE DE JESUS MUÑOZ KAPAMAS,MARIA DE LOS DOLORES PADIERNA LUNA,0.160468,0.006779,0.043839928,-0.029048373,0.18523734
13,9,MORENA,0.119938407,0.084948392,0.463698788,0.102004878,0.11269047,0.231514523,DAVID RICARDO NAVA MARTINEZ,GABRIELA BERENICE OLIVA MARTINEZ,MARIO MARTIN DELGADO CARRILLO,0.170639,0.004023,0.017933529,-0.027742078,0.232184265
14,9,MORENA,0.163155764,0.084855717,0.466419931,0.155671296,0.092987163,0.279513889,HECTOR HUGO HERNANDEZ RODRIGUEZ,KARINA REYES GUILLEN,ALFONSO RAMIREZ CUELLAR,0.320647,0.017875,0.007484468,-0.008131446,0.186906042
15,9,PAN,0.36239443,0.12302486,0.321983197,0.342002428,0.108565009,0.191986423,LUIS ALBERTO MENDOZA ACEVEDO,FRANCISCO EDUARDO MORENO MERCADILLO,AUSENCIO CRUZ ANTILLON,0.049701,0.001437,0.020392002,0.014459851,0.129996774
16,9,MORENA,0.158839815,0.087035456,0.421822039,0.14152943,0.10152739,0.21548076,POLIMNIA ROMANA SIERRA BARCENA,JORGE AGUSTIN ZEPEDA CRUZ,SILVIA LORENA VILLAVICENCIO AYALA,0.278806,0.010719,0.017310385,-0.014491934,0.206341279
17,9,MORENA,0.208330025,0.168073676,0.356489445,0.201749338,0.176976637,0.160058695,LESLIE STAINES FORMOSO,ISRAEL BETANZOS CORTES,FRANCISCO JAVIER SALDIVAR CAMACHO,0.290061,0.0112625,0.006580687,-0.008902961,0.19643075
18,9,MORENA,0.130940168,0.081933648,0.435049298,0.112568489,0.096068562,0.262467192,REBECA PERALTA LEON,DAVID VALLE PERALTA,ANA MARIA RODRIGUEZ RUIZ,0.349561,0.0172,0.018371679,-0.014134914,0.172582106
19,9,MORENA,0.087785048,0.071463909,0.478885663,0.067400139,0.086339273,0.286564957,ABRIL YANNETTE TRUJILLO VAZQUEZ,ELIZABETH BELEM AGUILAR BRAVO,ALEIDA ALAVEZ RUIZ,0.349561,0.0172,0.020384909,-0.014875364,0.192320706
20,9,MORENA,0.072573224,0.072246386,0.481216845,0.046579469,0.097717004,0.256028537,PENELOPE CAMPOS GONZALEZ,SILVIA ESTHER PEREZ CEBALLOS,ANA KARINA ROJO PIMENTEL,0.349561,0.0172,0.025993755,-0.025470618,0.225188308
21,9,MORENA,0.072020367,0.097880646,0.490673778,0.047003791,0.178038551,0.2283168,OSCAR MEZA AGUILAR,JANY ROBLES ORTIZ,FLOR IVONE MORALES MIRANDA,0.4481445,0.0217895,0.025016576,-0.080157905,0.262356978
22,9,MORENA,0.054041441,0.046622012,0.481997677,0.030084297,0.060100818,0.300436311,NURY DELIA RUIZ OVANDO,MONSERRAT PEREZ CEDEÑO,VICTOR GABRIEL VARELA LOPEZ,0.349561,0.0172,0.023957144,-0.013478806,0.181561366
23,9,MORENA,0.162922245,0.083639349,0.428171734,0.143706924,0.098426731,0.216799396,CARLOS IVAN GUEVARA ROMERO,MELISSA GUADARRAMA LARA,PABLO GÓMEZ ALVAREZ,0.197799,0.005838,0.019215321,-0.014787382,0.211372338
24,9,MORENA,0.19918809,0.103645411,0.390068832,0.19163906,0.112444652,0.2194042,WENDY GONZALEZ URRUTIA,MONICA IRMA ARANA SORIANO,GUADALUPE RAMOS SOTELO,0.301234,0.0149005,0.00754903,-0.008799241,0.170664632
1,10,PRI,0.241931632,0.256430813,0.222690366,0.160604935,0.47221454,0.04692673,ROSA ISELA DE LA ROCHA NEVAREZ,ADAN SORIA RAMIREZ,MARTHA OLIVIA GARCIA VIDAÑA,0.627135083,0.15272475,0.081326697,-0.215783727,0.175763636
2,10,MORENA,0.237462194,0.195472876,0.375335164,0.171577377,0.512377575,0.059304319,AUGUSTO FERNANDO AVALOS LONGORIA,ANAVEL FERNANDEZ MARTINEZ,ALMA MARINA VITELA RODRIGUEZ,0.552145,0.0743712,0.065884817,-0.316904699,0.316030845
3,10,MORENA,0.219469786,0.225750542,0.289851034,0.172710634,0.474673373,0.055437338,JESUS EDMUNDO RAVELO DUARTE,CARLOS MATUK LOPEZ DE NAVA,MARIBEL AGUILERA CHAIREZ,0.546982882,0.034568471,0.046759152,-0.248922831,0.234413696
4,10,PAN,0.276599992,0.210725091,0.216897088,0.186328974,0.317926429,0.049010234,JORGE ALEJANDRO SALUM DEL PALACIO,PEDRO AVILA NEVAREZ,HILDA PATRICIA ORTEGA NAJERA,0.32193,0.00759,0.090271018,-0.107201338,0.167886854
1,11,PAN,0.309580016,0.201173483,0.178993961,0.416903829,0.264557651,0.024969124,ARIEL RODRIGUEZ VAZQUEZ,PETRA BARRERA BARRERA,MA ARISBETH GARCIA MONJARAS,0.625380625,0.09523425,-0.107323813,-0.063384168,0.154024837
2,11,PAN,0.347349701,0.104180266,0.254945582,0.372342392,0.212985764,0.026333888,RICARDO VILLARREAL GARCIA,JAIME CIRILO LABRADA ARAIZA,CARLOS RICARDO OLVERA AVILA,0.44369925,0.0441345,-0.024992691,-0.108805498,0.228611694
3,11,PAN,0.551712672,0.093952144,0.14363355,0.530058515,0.161742635,0.030969124,MA DE LOS ANGELES AYALA DIAZ,LAURA BELEN SERRANO RIVERA,ALIX BERENICE OROZCO CORDOVA,0.315067,0.022113,0.021654157,-0.067790491,0.112664426
4,11,PAN,0.400086907,0.160659312,0.138940034,0.321140084,0.288289166,0.026429533,JUAN CARLOS ROMERO HICKS,ANGEL EDUARDO ZAMORA GONZALEZ,ANGELICA OLGUIN CARRILLO,0.57728975,0.06005125,0.078946823,-0.127629854,0.112510501
5,11,PAN,0.516100343,0.11226425,0.149781579,0.515149653,0.17839024,0.027955762,ECTOR JAIME RAMIREZ BARBA,JAIME RICARDO KIRCHNER PLASCENCIA,MARIA DEL CARMEN ROBLES GONZALEZ,0.315067,0.022113,0.00095069,-0.06612599,0.121825817
6,11,PAN,0.50112406,0.110511464,0.161617846,0.499026329,0.220106417,0.025069057,MA DEL PILAR ORTEGA MARTINEZ,NORMA PATRICIA LOPEZ ZUÑIGA,OSCAR ANTONIO CABRERA MORON,0.315067,0.022113,0.002097731,-0.109594953,0.136548789
7,11,PAN,0.413555205,0.233267691,0.151076539,0.46987113,0.243252851,0.015012591,KAREN MICHEL GONZALEZ MARQUEZ,ADELA SAMANTHA DAVALOS ANAYA,GERARDO LÓPEZ MONTOYA,0.47592825,0.05383575,-0.056315925,-0.00998516,0.136063948
8,11,MORENA,0.290217737,0.11249295,0.294942173,0.374881709,0.130394257,0.047942623,JUSTINO EUGENIO ARRIAGA ROJAS,ROSARIO DEL CARMEN DE LA VEGA MAYAGOITIA,MARTHA ELIZABETH LUNA CRESPO,0.463430667,0.043337,-0.084663972,-0.017901307,0.24699955
9,11,PAN,0.38649024,0.163223843,0.22675355,0.393561564,0.278778448,0.04628477,JANET MELANIE MURILLO CHAVEZ,CLAUDIA BRIGIDA NAVARRETE ALDACO,ALFONSO VAZQUEZ MUÑOZ,0.402403,0.0338095,-0.007071324,-0.115554605,0.18046878
10,11,PAN,0.317755841,0.156394387,0.192425508,0.288483872,0.256047153,0.030738396,LILIA VILLAFUERTE ZAVALA,RAFAEL GARCIA DEL HORNO,JOSE ANTONIO FRANCO GONZALEZ,0.587841,0.062020167,0.029271969,-0.099652766,0.161687112
11,11,PAN,0.489980356,0.115035118,0.164504459,0.488320724,0.2077485,0.029706931,JORGE ARTURO ESPADAS GALVÁN,JUAN PABLO LOPEZ MARUN,RICARDO GOMEZ ESCALANTE,0.315067,0.022113,0.001659632,-0.092713382,0.134797528
12,11,PAN,0.324691016,0.104444536,0.242018283,0.374206448,0.180140679,0.064512443,SARAI NUÑEZ CERON,RODOLFO SEGURA MONTES,MARIA DEL PILAR CONTRERAS SOTO,0.325195,0.02488,-0.049515432,-0.075696143,0.17750584
13,11,PAN,0.286924784,0.18395295,0.212479137,0.355586865,0.227784188,0.032500526,EMMANUEL REYES CARMONA,EMMANUEL PADILLA DELGADO,ISRAEL MOSQUEDA GASCA,0.561143286,0.057302143,-0.068662081,-0.043831238,0.179978611
14,11,PAN,0.264731172,0.163127451,0.236226371,0.33411796,0.207197551,0.02550738,MA EUGENIA LETICIA ESPINOSA RIVAS,LORENZO LICEA ROJAS,CLAUDIA GABRIELA ESTRADA DE LA CRUZ,0.574122429,0.052304571,-0.069386788,-0.0440701,0.210718991
15,11,PAN,0.336257998,0.171736412,0.262940354,0.379563518,0.352094043,0.039941829,SERGIO FERNANDO ASCENCIO BARBA,ARCELIA MARIA GONZALEZ GONZALEZ,MIGUEL ANGEL CHICO HERRERA,0.372155,0.029354,-0.04330552,-0.180357631,0.222998525
1,12,MORENA,0.017737898,0.229183391,0.344179436,0.012129152,0.364885315,0.03686178,AZUCENA SALAZAR PINEDA,SORAYA ERIZA PINEDA,VICTOR ADOLFO MOJICA WENCES,0.747691188,0.280559125,0.005608746,-0.135701924,0.307317656
2,12,MORENA,0.116456433,0.178212489,0.354744541,0.122544996,0.328354929,0.041671244,YESENIA GALARZA CASTRO,KARIME IYARI SEVILLA ALVAREZ,ARACELI OCAMPO MANZANARES,0.668558,0.210635667,-0.006088563,-0.15014244,0.313073297
3,12,MORENA,0.017926832,0.178145379,0.430505829,0.017618811,0.349428488,0.044548652,MERCED BALDOVINO DIEGO,MA DE LOS ANGELES SALOMON GALEANA,MA DEL CARMEN CABRERA LAGUNAS,0.592160875,0.154130375,0.000308021,-0.171283109,0.385957177
4,12,MORENA,0.041984059,0.131582434,0.537347376,0.083138108,0.287606088,0.050073648,RICARDO MEJIA BERDEJA,MA DEL PILAR VADILLO RUIZ,ABELINA LOPEZ RODRIGUEZ,0.566394,0.121217,-0.041154049,-0.156023654,0.487273728
5,12,MORENA,0.018892312,0.176889092,0.363043272,0.058449277,0.30230312,0.034317169,NINEL SALAZAR BAZAN,EUSEBIO GONZALEZ RODRIGUEZ,JAVIER MANZANO SALAZAR,0.861271111,0.480482444,-0.039556965,-0.125414028,0.328726103
6,12,PRD,0.061836852,0.184413121,0.238038515,0.071279628,0.308572303,0.027528552,RAYMUNDO GARCIA GUTIERREZ,FLAVIA GARCIA GARCIA,JORGE LUIS RENDON CASTRO,0.876230692,0.453428923,-0.009442776,-0.124159182,0.210509963
7,12,MORENA,0.026767077,0.219147406,0.447567985,0.040179297,0.408350171,0.045923621,IRMA LILIA GARZON BERNAL,BEATRIZ ALARCON ADAME,CARLOS SANCHEZ BARRIOS,0.7603135,0.287713,-0.01341222,-0.189202765,0.401644364
8,12,MORENA,0.038719562,0.125790698,0.340167743,0.059767977,0.185417464,0.03027596,OCIEL HUGAR GARCIA TRUJILLO,EDEL CHONA MORALES,RUBEN CAYETANO GARCIA,0.732540333,0.268204417,-0.021048415,-0.059626766,0.309891783
9,12,MORENA,0.044663055,0.171385072,0.478442032,0.054622081,0.385549028,0.037716753,NAPOLEON ASTUDILLO MARTINEZ,EDUARDO IGNACIO NEIL CUEVA RUIZ,MARIA DEL ROSARIO MERLIN GARCIA,0.566394,0.121217,-0.009959026,-0.214163956,0.440725279
1,13,MORENA,0.066594187,0.236221276,0.359706612,0.115572071,0.333991056,0.037608332,MARLEN MEDINA FERNANDEZ,SAYONARA VARGAS RODRIGUEZ,FORTUNATO RIVERA CASTILLO,0.769656533,0.2731074,-0.048977884,-0.09776978,0.32209828
2,13,MORENA,0.085093402,0.160580319,0.441391648,0.157058458,0.367340826,0.066544864,MARGARITA RAMOS VILLEDA,HECTOR PEDRAZA OLGUIN,CIPRIANO CHARREZ PEDRAZA,0.648549063,0.14999875,-0.071965056,-0.206760507,0.374846784
3,13,MORENA,0.061563071,0.204260613,0.498095673,0.069775256,0.374773381,0.071963303,NANCY JANETH LUNA ZUÑIGA,JAIME GALINDO UGALDE,SANDRA SIMEY OLVERA BAUTISTA,0.565680895,0.080195895,-0.008212185,-0.170512768,0.42613237
4,13,MORENA,0.080456374,0.205771722,0.465192391,0.120713929,0.329933239,0.065824969,LILIANA VILLAVICENCIO RUIZ,EMILSE MIRANDA MUNIVE,MARIA ISABEL ALFARO MORALES,0.6453372,0.1658825,-0.040257555,-0.124161517,0.399367422
5,13,MORENA,0.110336556,0.167601411,0.496202653,0.190563523,0.326067461,0.108010503,GLORIA ROMERO LEON,CUAUHTEMOC OCHOA FERNANDEZ,JULIO CESAR ANGELES MENDOZA,0.4269072,0.0513941,-0.080226967,-0.15846605,0.38819215
6,13,MORENA,0.12709796,0.181227437,0.493893823,0.12332299,0.295931125,0.091269507,LORENZO DANIEL LUDLOW KURI,CITLALI JARAMILLO RAMIREZ,LIDIA GARCIA ANAYA,0.41700625,0.03197625,0.00377497,-0.114703688,0.402624316
7,13,MORENA,0.108008093,0.164171672,0.488447547,0.099633946,0.29149194,0.077493069,ERIKA VANESSA ALEMON HERNANDEZ,FRANCISCO SINUHE RAMIREZ OVIEDO,JANNET TELLEZ INFANTE,0.4234838,0.0355546,0.008374147,-0.127320268,0.410954478
1,14,MC,0.159287073,0.186030513,0.212039751,0.276763366,0.295293846,0.026956572,EDUARDO RON RAMOS,LUCIA AGUILAR CARRILLO,MITSUO JANATHAN IXCOATL HERNANDEZ DELGADO,0.505542167,0.092904583,-0.117476293,-0.109263333,0.185083179
2,14,PAN,0.31312909,0.154192208,0.137686178,0.344665265,0.294896044,0.020812455,MARTHA ESTELA ROMO CUELLAR,JUAN ALBERTO MARQUEZ DE ANDA,LUIS FERNANDO TORRES MARTIN,0.452298714,0.038851143,-0.031536175,-0.140703836,0.116873723
3,14,PAN,0.326210261,0.17359674,0.117718329,0.347528233,0.300838984,0.009754135,GUADALUPE ROMO ROMO,MIGUEL HERNANDEZ ANAYA,LUIS TARCICIO RAMIREZ GUTIERREZ,0.463905583,0.036560333,-0.021317972,-0.127242244,0.107964194
4,14,MORENA,0.15738933,0.154971816,0.278852568,0.131453439,0.308817626,0.031337819,MARIO ALBERTO RODRIGUEZ CARRILLO,SALVADOR ARELLANO GUZMAN,ALEJANDRA MARGARITA GIADANS VALENZUELA,0.28088,0.019449,0.025935891,-0.15384581,0.247514749
5,14,MORENA,0.05541109,0.225697897,0.323295092,0.171819063,0.265190371,0.023528838,RAMON DEMETRIO GUERRERO MARTINEZ,CESAR IGNACIO ABARCA GUTIERREZ,LORENA DEL SOCORRO JIMENEZ ANDRADE,0.450723778,0.052699333,-0.116407973,-0.039492474,0.299766254
6,14,MC,0.193889823,0.122571018,0.257708711,0.152127575,0.294996137,0.030388212,FABIOLA RAQUEL GUADALUPE LOYA HERNANDEZ,JUAN CARLOS GARCIA CHRISTEINICKE,RUTH AMELIA CHAVEZ PARRA,0.28088,0.019449,0.041762248,-0.172425119,0.227320499
7,14,MORENA,0.098352827,0.153469202,0.293214412,0.142201035,0.314162694,0.032169768,JUAN CARLOS VILLARREAL SALAZAR,NICOLAS MAESTRO LANDEROS,MARIA ELIZABETH FLORES VAZQUEZ,0.373255,0.038501,-0.043848208,-0.160693492,0.261044644
8,14,CAND_IND_01,0.182124018,0.108733213,0.196271038,0.181846677,0.224289433,0.032773734,ABRIL ALCALA PADILLA,XIMENA RUIZ URIBE,ROCIO DEL CARMEN MACIAS GOMEZ,0.253581,0.013786,0.000277341,-0.11555622,0.163497304
9,14,MORENA,0.114011449,0.136477877,0.305078207,0.095699959,0.272860852,0.02827379,CARMEN JULIA PRUDENCIO GONZALEZ,VICTORIA ANAHI OLGUIN ROJAS,DEMETRIO ALMEDA HERNANDEZ,0.253581,0.013786,0.01831149,-0.136382975,0.276804417
10,14,CAND_IND_01,0.221247654,0.084865862,0.167023238,0.21529281,0.195220346,0.035063146,GERALDINA ISABEL HERRERA VEGA,MARIANA SOPHIA MARQUEZ LAUREANO,CARLA PATRICIA HERNANDEZ GONZALEZ,0.28088,0.019449,0.005954844,-0.110354484,0.131960092
11,14,MORENA,0.126258211,0.13282211,0.283147949,0.112627591,0.269671696,0.029102579,KEHILA ABIGAIL KU ESCALANTE,NORMA ELIZABETH CHAVEZ ARIAS,ANA SOFIA MARTINEZ SANCHEZ,0.253581,0.013786,0.01363062,-0.136849586,0.25404537
12,14,MC,0.111630346,0.07216536,0.291225951,0.102236609,0.143621343,0.018414159,ADRIANA GABRIELA MEDINA ORTIZ,ALINA PEREZ GONZALEZ,JENNIFER NATHALIE GONZALEZ LOPEZ,0.320422,0.020688,0.009393737,-0.071455983,0.272811792
13,14,CAND_IND_01,0.151901116,0.106116737,0.214279834,0.159370203,0.215478095,0.03300086,LOURDES CELENIA CONTRERAS GONZALEZ,KARLA TORRES CERVANTES,ALEJANDRO LOPEZ IBARRA,0.3140225,0.026087,-0.007469087,-0.109361358,0.181278974
14,14,MC,0.15652981,0.109459889,0.273652245,0.13396937,0.211463043,0.028033965,JUAN FRANCISCO RAMIREZ SALCIDO,SERGIO JAVIER OTAL LOBO,FRANCISCO JAVIER MOSQUEDA MANZO,0.253581,0.013786,0.02256044,-0.102003154,0.24561828
15,14,MORENA,0.138950728,0.18513745,0.232434483,0.239773175,0.352933209,0.025397744,ABSALON GARCÍA OCHOA,MARIA DEL REFUGIO RUIZ MORENO,FRANCISCO SEGOVIANO TRUJILLO,0.449876667,0.052620111,-0.100822447,-0.167795759,0.207036739
16,14,MORENA,0.119250322,0.157861211,0.299081276,0.130129159,0.307934524,0.045390642,MARISOL ACEVEDO ORTEGA,CYNTHIA VALDOVINOS SANCHEZ,LAURA IMELDA PEREZ SEGURA,0.347165,0.032725,-0.010878837,-0.150073313,0.253690634
17,14,MC,0.119976422,0.191561443,0.232178202,0.190514522,0.293306853,0.044121722,JUAN MARTIN ESPINOZA CARDENAS,SERGIO MIGUEL MARTIN CASTELLANOS,LUIS FERNANDO PEREZ RIVERA,0.500453,0.0654446,-0.0705381,-0.10174541,0.18805648
18,14,MORENA,0.139575069,0.213904724,0.228889556,0.241661481,0.35057586,0.025998802,MONICA ALMEIDA LOPEZ,FABRICIO ISRAEL CORONA VIZCARRA,MARCO TULIO ROSAS ROMERO,0.500794045,0.083080318,-0.102086412,-0.136671136,0.202890754
19,14,MC,0.097123351,0.160179585,0.250645351,0.223520289,0.290468832,0.040198559,ALBERTO ESQUER GUTIERREZ,SALVADOR BARAJAS DEL TORO,CLARA CARDENAS GALVAN,0.503009611,0.070685778,-0.126396938,-0.130289247,0.210446792
20,14,MC,0.108294428,0.156762771,0.252156879,0.171527322,0.302559391,0.025296408,ANA PRISCILA GONZALEZ GARCIA,JORGE ARANA ARANA,CUAUHTEMOC PEÑA CORTES,0.3498424,0.0344986,-0.063232894,-0.14579662,0.226860471
1,15,MORENA,0.153810202,0.251798273,0.306952729,0.229939483,0.42398993,0.026745601,JOSE ANTONIO MEDINA VEGA,RICARDO AGUILAR CASTILLO,PABLO MARTIN MORALES LUCAS,0.6460257,0.1310138,-0.076129281,-0.172191657,0.280207128
2,15,MORENA,0.093568077,0.13723499,0.465749631,0.094530722,0.275347821,0.102600012,EDGAR ADRIAN HERNANDEZ MARQUEZ,CYNTHIA BENAVIDES CHAVEZ,DIONICIA VAZQUEZ GARCIA,0.4592464,0.045909,-0.000962645,-0.138112831,0.363149619
3,15,MORENA,0.139315371,0.243602772,0.35249984,0.131925304,0.403158775,0.062302189,DULCE POLETT BASTIDA MORALES,HECTOR EDUARDO VELASCO MONROY,MARIA TERESA MARU MEJIA,0.6339514,0.106901,0.007390067,-0.159556003,0.290197651
4,15,MORENA,0.162477246,0.176930617,0.443895305,0.256433723,0.32087264,0.112028911,GUADALUPE JASMIN ROJAS JASSO,ISRAEL SARABIA GARCIA,NELLY MINERVA CARRASCO GODINEZ,0.4321665,0.048754,-0.093956477,-0.143942023,0.331866394
5,15,MORENA,0.121291096,0.230570333,0.427306753,0.178373882,0.3796605,0.09579785,NORMA GUADALUPE ESPINOSA MORA,ROBERTO SANCHEZ CAMPOS,FRANCISCO FAVELA PEÑUÑURI,0.54411275,0.053993167,-0.057082786,-0.149090167,0.331508903
6,15,MORENA,0.140848867,0.143041531,0.477047005,0.152975971,0.263989456,0.129401982,NORA VERONICA OROZCO CHAVEZ,LAURA IVONNE RUIZ MORENO,CAROLINA GARCIA AGUILAR,0.3907,0.03425,-0.012127104,-0.120947925,0.347645023
7,15,MORENA,0.211971475,0.124580555,0.44588861,0.261562932,0.265712731,0.124308616,MARIA JUANA ROJAS COATE,RENATO MALDONADO GOMEZ,XOCHITL NASHIELLY ZAGAL RAMÍREZ,0.276818,0.028238,-0.049591457,-0.141132176,0.321579994
8,15,MORENA,0.117584216,0.135616142,0.468206379,0.109872627,0.254627022,0.125930098,JOSE JUAN BARRIENTOS MAYA,ERNESTO LAGUARDIA LONGEGA,GUSTAVO CONTRERAS MONTES,0.364116,0.033288,0.007711589,-0.11901088,0.342276281
9,15,PRI,0.11335107,0.342531512,0.260601769,0.21918186,0.499132833,0.020101118,SARA SALINAS REYES,EDUARDO ZARZOSA SANCHEZ,JORGE CHAVEZ MUNGUIA,0.7788034,0.2618334,-0.10583079,-0.156601321,0.240500651
10,15,MORENA,0.105759362,0.165143089,0.487260424,0.080604231,0.31174749,0.126569851,JUAN MEDINA HERNANDEZ,BRENDA MARIA IZONTLI ALVARADO SANCHEZ,ALMA DELIA NAVARRETE RIVERA,0.427423,0.049127,0.025155131,-0.146604401,0.360690573
11,15,MORENA,0.09971446,0.159025764,0.476068859,0.085934608,0.300801974,0.125425223,J. PAZ GERARDO SANDOVAL RODRIGUEZ,LINDA ELENA DUARTE CRUZ,MARÍA EUGENIA HERNÁNDEZ PEREZ,0.427423,0.049127,0.013779852,-0.14177621,0.350643636
12,15,MORENA,0.067183157,0.295978473,0.427062511,0.054291759,0.440374488,0.069568349,ROCIO GUZMAN SUAREZ,CARLOS ENRIQUEZ SANTOS,FELIPE RAFAEL ARVIZU DE LA LUZ,0.541561,0.080795,0.012891398,-0.144396015,0.357494162
13,15,MORENA,0.107975419,0.162575424,0.480334202,0.093061533,0.292827405,0.153811624,YATXIL AMELLALLI CABALLERO TELLEZ,MARIO ALBERTO CERVANTES PALOMINO,MARÍA ELIZABETH DÍAZ GARCIA,0.427423,0.049127,0.014913886,-0.130251981,0.326522578
14,15,MORENA,0.257293892,0.132170298,0.403900044,0.296684236,0.232081044,0.118350716,NELYDA MOCIÑOS JIMENEZ,SYLVIA YVONNE REYES GONZALEZ,CLAUDIA ANGELICA DOMINGUEZ VAZQUEZ,0.322543667,0.027988,-0.039390344,-0.099910746,0.285549328
15,15,MORENA,0.250449249,0.125008089,0.389544579,0.352540433,0.242221125,0.10345179,LUIS ALBERTO LUNA ESPINOZA,MARIA LUISA GUDIÑO AGUILAR,RAUL ERNESTO SANCHEZ BARRALES ZAVALZA,0.342092,0.023394,-0.102091184,-0.117213036,0.286092789
16,15,MORENA,0.103759175,0.180089664,0.479803466,0.125066989,0.294986966,0.144568683,ROBERTO HERNANDEZ GOMEZ,ROSA DE LIMA LOPEZ ESCOBAR,EMILIO MANZANILLA TELLEZ,0.388072,0.0407295,-0.021307814,-0.114897302,0.335234783
17,15,MORENA,0.09651564,0.173955794,0.498703868,0.073478485,0.320489027,0.162827405,CLAUDIA CASTELLO REBOLLAR,MARIA VERONICA SOLIS GARCIA,MARÍA GUADALUPE ROMÁN ÁVILA,0.427423,0.049127,0.023037155,-0.146533233,0.335876463
18,15,MORENA,0.280966216,0.201165808,0.297481836,0.303381388,0.349243231,0.066754817,CLAUDIA REYES MONTIEL,MARIA ISABEL SANCHEZ HOLGUIN,JERONIMO MORALES OLIVARES,0.4745626,0.0572526,-0.022415172,-0.148077423,0.230727019
19,15,MORENA,0.213164606,0.168357612,0.41805948,0.246766074,0.258391747,0.116688843,ALDO BRUNO GUERRERO VAZQUEZ,PERLA GUADALUPE MONROY MIRANDA,ULISES MURGUIA SOTO,0.348721,0.032332,-0.033601468,-0.090034135,0.301370637
20,15,MORENA,0.088391216,0.131492558,0.443501865,0.052945649,0.220299672,0.120137625,ELIZABETH CATALAN PADILLA,IDIDA ALEJANDRA RAMOS LÓPEZ,JUAN PABLO SÁNCHEZ RODRIGUEZ,0.386713,0.035349,0.035445567,-0.088807114,0.32336424
21,15,MORENA,0.070583134,0.213922924,0.460859723,0.100005928,0.366661232,0.07733693,MIRIAM CARRANZA TRINIDAD,JOSE FIDEL CONTRERAS MARTINEZ,GRACIELA SÁNCHEZ ORTIZ,0.62085,0.0995238,-0.029422794,-0.152738308,0.383522793
22,15,MORENA,0.320079472,0.162187183,0.340032127,0.37346736,0.225587293,0.107369629,JOSE LUIS DURAN REVELES,GUSTAVO PARRA SANCHEZ,MARÍA TERESA REBECA ROSA MORA RÍOS,0.370506,0.038593,-0.053387888,-0.06340011,0.232662498
23,15,MORENA,0.127376462,0.205337608,0.398524142,0.215648217,0.346878422,0.0694806,MIGUEL DE JESUS HERNANDEZ,DIEGO ERIC MORENO VALLE,DAVID ORIHUELA NAVA,0.582185444,0.074699889,-0.088271755,-0.141540814,0.329043542
24,15,MORENA,0.216300516,0.151940848,0.419486341,0.253675693,0.284883509,0.127647776,RAYMUNDO GARZA VILCHIS,RUTH GABRIELA GOLDSCHMIED GUASCH,MARÍA DE LOS ÁNGELES HUERTA DEL RIO,0.370506,0.038593,-0.037375177,-0.132942661,0.291838565
25,15,MORENA,0.054725623,0.300567453,0.430286723,0.045611804,0.381391503,0.178923938,MARIA CANDELARIA GONZALEZ GALICIA,MARIA PAZ MENDOZA SANCHEZ,DELFINO LÓPEZ APARICIO,0.614622,0.091682,0.009113819,-0.08082405,0.251362785
26,15,MORENA,0.19319195,0.206447768,0.375034118,0.214843001,0.37268423,0.063519912,JAIME AMADO LOPEZ GOMEZ,JOSE FRANCISCO OZUNA RODRIGUEZ,ESMERALDA DE LOS ANGELES MORENO MEDINA,0.541391,0.08726,-0.021651051,-0.166236462,0.311514206
27,15,MORENA,0.209594552,0.204076518,0.353145539,0.208292978,0.35763467,0.069546434,JOSE ANTONIO FLORES FERNANDEZ,ALEXA REYES NADER,OSCAR GONZALEZ YAÑEZ,0.424479333,0.0349425,0.001301574,-0.153558152,0.283599105
28,15,MORENA,0.136553792,0.192857794,0.418468847,0.235270521,0.323254782,0.053429837,MA. GUADALUPE RAMIREZ MONROY,EDGAR REYES LOPEZ,ROBERTO ANGEL DOMINGUEZ RODRIGUEZ,0.5205944,0.0522752,-0.098716729,-0.130396988,0.36503901
29,15,MORENA,0.066608489,0.130022301,0.436185577,0.03977404,0.234451234,0.09039109,VENANCIO LUIS SANCHEZ JIMENEZ,ESMERALDA MORENO BEIZA,MARTHA ROBLES ORTIZ,0.386713,0.035349,0.026834449,-0.104428933,0.345794487
30,15,MORENA,0.050335338,0.328461969,0.419836196,0.035939,0.341900395,0.169265223,CINTHIA  NAYELI GOMEZ HERNANDEZ,ROSALBA PINEDA RAMIREZ,CÉSAR AGUSTÍN HERNÁNDEZ PEREZ,0.53156,0.072178,0.014396338,-0.013438426,0.250570973
31,15,MORENA,0.056615516,0.131613521,0.425611021,0.027876011,0.199150375,0.084547348,JOSE MANUEL BALLESTEROS LOPEZ,JOSE LUIS MONTERO RAMOS,JUAN ÁNGEL BAUTISTA BRAVO,0.386713,0.035349,0.028739505,-0.067536854,0.341063673
32,15,MORENA,0.050714032,0.122231658,0.464870595,0.031851249,0.221179906,0.216095117,RAMON MONTALVO HERNANDEZ,FANY SORIANO RAMOS,LUIS ENRIQUE MARTINEZ VENTURA,0.589827,0.094606,0.018862783,-0.098948248,0.248775478
33,15,MORENA,0.079696612,0.161501759,0.472360114,0.059170053,0.30436971,0.088512733,ALICIA AGUILA MENDEZ,FRANCISCO OSORNO SOBERON,VICENTE ALBERTO ONOFRE VAZQUEZ,0.457526333,0.051706,0.020526559,-0.142867951,0.383847381
34,15,MORENA,0.215858956,0.181408233,0.391947499,0.243764632,0.309617606,0.078176994,MAURICIO LOPEZ CHAVEZ,JORGE OMAR VELAZQUEZ RUIZ,MIROSLAVA CARRILLO MARTINEZ,0.454852,0.06096,-0.027905676,-0.128209373,0.313770505
35,15,MORENA,0.14534583,0.204439643,0.342446926,0.146713927,0.377870329,0.06429774,ELVIA ISOJO VELASQUEZ,GUSTAVO MICHUA Y MICHUA,ARTURO ROBERTO HERNANDEZ TAPIA,0.664630083,0.127067583,-0.001368097,-0.173430686,0.278149186
36,15,MORENA,0.081185818,0.30000407,0.31786097,0.206760785,0.382452509,0.028812181,MARICARMEN GARCIA SANCHEZ,CRUZ JUVENAL ROA SANCHEZ,YOLANDA FLORES VALDEZ,0.735911529,0.209328059,-0.125574967,-0.082448439,0.289048789
37,15,MORENA,0.137695049,0.171668844,0.453505931,0.215970791,0.254101217,0.093231904,ARACELI RUIZ MARTINEZ,FRANCISCO JAVIER FERNANDEZ CLAMONT,PEDRO MARIO ZENTENO SANTAELLA,0.4169988,0.0425078,-0.078275742,-0.082432373,0.360274027
38,15,MORENA,0.073482744,0.163019973,0.517078407,0.035976846,0.272164307,0.386188123,MARIA DEL CARMEN CRUZ PAREDES,CARLA JIMENA MORELL ISLAS,KARLA YURITZI ALMAZÁN BURGOS,0.5891655,0.09066125,0.037505898,-0.109144334,0.130890284
39,15,MORENA,0.053035484,0.283442979,0.405515981,0.047140028,0.374090633,0.123389611,AGUSTIN CORONA RAMIREZ,FERNANDO GONZALEZ MEJIA,JOSE LUIS MONTALVO LUNA,0.5792445,0.093837,0.005895456,-0.090647654,0.28212637
40,15,MORENA,0.157565051,0.200586987,0.362611425,0.167721603,0.326466295,0.052109873,RUTH SALINAS REYES,ADOLFO JONATHAN SOLIS GOMEZ,MARCO ANTONIO REYES COLIN,0.62188675,0.12856725,-0.010156552,-0.125879308,0.310501552
41,15,MORENA,0.105756135,0.241811049,0.471160503,0.13324048,0.402773015,0.122098028,ELVIA VERONICA MAYORGA TRINIDAD,MARIA GUADALUPE SALAZAR HERNANDEZ,NANCY CLAUDIA RESENDIZ HERNANDEZ,0.473887,0.0445745,-0.027484345,-0.160961966,0.349062475
1,16,MORENA,0.030600391,0.193195158,0.439551235,0.07404331,0.355869838,0.072513188,ROSA MARIA HURTADO MARIN,J REYES GALINDO PEDRAZA,FELICIANO FLORES ANGUIANO,0.653125333,0.161329333,-0.043442919,-0.16267468,0.367038047
2,16,PRD,0.075722806,0.183742545,0.193168188,0.128914282,0.27462051,0.033095134,MAURICIO PRIETO GOMEZ,ANTONIO SOSA LOPEZ,ESTEBAN BARAJAS BARAJAS,0.693456588,0.151303294,-0.053191476,-0.090877965,0.160073054
3,16,MORENA,0.049977114,0.146772453,0.259780404,0.088987851,0.326432634,0.03014211,ELIAS IBARRA TORRES,SONIA ANGELICA RIVAS ESPITIA,MARY CARMEN BERNAL MARTINEZ,0.733912615,0.238747385,-0.039010737,-0.179660181,0.229638294
4,16,MORENA,0.234339167,0.174508511,0.260195954,0.233963808,0.301299502,0.027010196,ARMANDO TEJEDA CID,SILVIA ALEJANDRE MARAVILLA,YOLANDA LETICIA RUIZ SANCHEZ,0.611619467,0.1001768,0.000375359,-0.126790991,0.233185758
5,16,MORENA,0.199407371,0.162763134,0.272634113,0.271364472,0.280242736,0.073365208,CARMEN ERENDIRA CASTELLANOS PALLARES,SERGIO FLORES LUNA,YOLANDA GUERRERO BARRERA,0.596984556,0.088831556,-0.071957101,-0.117479602,0.199268905
6,16,MORENA,0.105265049,0.172889251,0.24121993,0.182823911,0.245224963,0.033355038,JEOVANA MARIELA ALCANTAR BACA,ANA KARINA LOPEZ ESPINO,ANITA SANCHEZ CASTRO,0.6984515,0.1648159,-0.077558862,-0.072335712,0.207864892
7,16,MORENA,0.092147014,0.170940226,0.281688784,0.151200075,0.249493874,0.057013797,VERONICA GARCIA REYES,EVA MARIA PIMENTEL REYES,GONZALO HERRERA PEREZ,0.705340923,0.218583692,-0.059053061,-0.078553648,0.224674987
8,16,MORENA,0.115144801,0.15177718,0.347719576,0.189981654,0.272465928,0.066234766,MANUEL ANTUNEZ ALVAREZ,WILFRIDO LAZARO MEDINA,ANA LILIA GUILLÉN QUIROZ,0.41157,0.058549,-0.074836853,-0.120688748,0.28148481
9,16,MORENA,0.120829259,0.07156716,0.321635908,0.216194348,0.212588279,0.049565973,EDNA GISEL DIAZ ACEVEDO,SELENE GOMEZ BARRAGAN,IGNACIO BENJAMIN CAMPOS EQUIHUA,0.514192,0.085144,-0.095365089,-0.141021119,0.272069935
10,16,MORENA,0.170920683,0.105513846,0.27339086,0.269868043,0.236292271,0.066777423,MIGUEL ANGEL VILLEGAS SOTO,GERONIMO COLOR GASCA,IVAN ARTURO PEREZ NEGRON RUIZ,0.41157,0.058549,-0.09894736,-0.130778425,0.206613437
11,16,MORENA,0.100553463,0.153413788,0.223767913,0.137807646,0.303887759,0.04201963,JOSE GUADALUPE AGUILERA ROJAS,ITZIA YURIXIH PEREZ VEGA,MERCEDES CALDERON GARCIA,0.676848286,0.175934571,-0.037254183,-0.150473971,0.181748283
12,16,MORENA,0.091266494,0.167518246,0.326086199,0.16527879,0.243574169,0.039788248,RUTH NOHEMI ESPINOZA PEREZ,NAYELI AVILA MADRIZ,FRANCISCO JAVIER HUACUS ESQUIVEL,0.613769,0.128995091,-0.074012296,-0.076055923,0.286297951
1,17,MORENA,0.202699129,0.060617783,0.358114527,0.205957225,0.150794764,0.127803724,EMMANUEL ALBERTO MOJICA LINARES,RANDY ELIZABETH PEREZ SOLIS,ALEJANDRO MOJICA TOLEDO,0.319057,0.037223,-0.003258096,-0.090176981,0.230310803
2,17,MORENA,0.099486918,0.070068773,0.394216167,0.090034319,0.165038527,0.099305571,MARIA DEL ROCIO GUADARRAMA GARCIA,MARIA ELENA SALDAÑA RAMIREZ,ALEJANDRA PANI BARRAGAN,0.4205565,0.06943375,0.009452599,-0.094969754,0.294910596
3,17,MORENA,0.057645386,0.131314578,0.365487026,0.072642704,0.155207638,0.075366721,MONICA REYES CARMONA,GUILLERMO DEL VALLE REYES,JUANITA GUERRA MENA,0.6165576,0.1561716,-0.014997318,-0.02389306,0.290120305
4,17,MORENA,0.038316596,0.092636282,0.326059043,0.056261208,0.27899776,0.072369523,GERARDO VARGAS SALGADO,JORGE MORALES BARUD,JORGE ARTURO ARGUELLES VICTORERO,0.5475644,0.1178387,-0.017944612,-0.186361478,0.25368952
5,17,MORENA,0.06496671,0.085887666,0.340105226,0.088971413,0.185153039,0.083242922,BERTHA OLIVA AVILA PEREZ,ANA BERTHA HARO SANCHEZ,JOSE GUADALUPE AMBROCIO GACHUZ,0.617939357,0.131573429,-0.024004703,-0.099265373,0.256862304
1,18,MORENA,0.124172658,0.181492002,0.42286522,0.089591413,0.451808424,0.045251195,JORGE FRANCISCO JAVIER VALLARTA TREJO,MARIA HILARIA DOMINGUEZ ARVIZU,MIGUEL PAVEL JARERO VELAZQUEZ,0.595354667,0.170111556,0.034581245,-0.270316422,0.377614025
2,18,MORENA,0.136301684,0.097344156,0.448188144,0.179875891,0.297450332,0.043578095,IVIDELIZA REYES HERNANDEZ,SOFIA BAUTISTA ZAMBRANO,MARIA GERALDINE PONCE MENDEZ,0.241744,0.018525,-0.043574207,-0.200106176,0.404610049
3,18,MORENA,0.201317473,0.119956344,0.454827163,0.294069957,0.427957451,0.045166395,HECTOR MIGUEL PANIAGUA SALAZAR,JOSE GOMEZ PEREZ,MIRTHA ILIANA VILLALVAZO AMAYA,0.4661761,0.076547,-0.092752484,-0.308001107,0.409660768
1,19,PAN,0.456229539,0.106560911,0.149594102,0.437971225,0.167340219,0.022744551,HERNAN SALINAS WOLBERG,LUIS TOUSSAINT ELOSUA,MARIO ALEJANDRO SOTO ESQUER,0.0951455,0.0054915,0.018258314,-0.060779308,0.126849551
2,19,PAN,0.26572975,0.212136865,0.2389305,0.29866521,0.304601113,0.028949345,OSCAR ALEJANDRO FLORES ESCOBAR,OSCAR ALBERTO CANTU GARCIA,MARIA GUILLERMINA ALVARADO MORENO,0.1741344,0.008915,-0.03293546,-0.092464248,0.209981155
3,19,PAN,0.220873563,0.186311302,0.204706199,0.255850579,0.320681324,0.029164348,JUAN RAMON MASTRETTA LOPEZ,SANDRA PATRICIA PALACIOS MEDINA,JOSE LUIS GARCIA DUQUE,0.223819,0.014922,-0.034977016,-0.134370022,0.175541851
4,19,PAN,0.413768262,0.086967805,0.177524219,0.488450154,0.158644331,0.028070003,RICARDO FLORES SUAREZ,MARIA DEL ROBLE GRAJALES FLORES,MARTHA ALICIA TRISTAN GUZMAN,0.1226115,0.0055735,-0.074681892,-0.071676526,0.149454216
5,19,PRI,0.138412582,0.292109681,0.15853302,0.195091194,0.365171294,0.021803944,ELIZABETH DEL CARMEN DURON SANCHEZ,MARCELA GUERRA CASTILLO,SANTIAGO GONZALEZ SOTO,0.166748,0.01048,-0.056678612,-0.073061613,0.136729076
6,19,PAN,0.320072614,0.141157202,0.145972961,0.342887336,0.223967646,0.029758906,ANNIA SARAHI GOMEZ CARDENAS,ARIADNE VALERIA GARCIA SALAS,JUDITH GRACE GONZALEZ HINCKS,0.1795905,0.011441,-0.022814722,-0.082810444,0.116214055
7,19,PAN,0.207242866,0.1865551,0.191721671,0.24051048,0.305783644,0.019704297,TANIA ELIZABETH PARTIDA HERNANDEZ,ROSALVA LLANES RIVERA,LAURA ERIKA DE JESUS GARZA GUTIERREZ,0.246118056,0.016195111,-0.033267614,-0.119228544,0.172017374
8,19,PAN,0.210209011,0.188552777,0.208985777,0.317460596,0.29912253,0.023654293,MARIA DEL CARMEN PEÑA DORADO,MA. DE JESUS AGUIRRE MALDONADO,ERNESTO VARGAS CONTRERAS,0.170583,0.008331667,-0.107251585,-0.110569753,0.185331484
9,19,PRI,0.245356427,0.300457198,0.125625808,0.333740894,0.406492868,0.010320193,MARIA ALEJANDRA HINOJOSA MALDONADO,JUAN FRANCISCO ESPINOZA EGUIA,JAIME ALBERTO YERENA SALAZAR,0.385425174,0.055791304,-0.088384467,-0.10603567,0.115305615
10,19,PAN,0.348171981,0.153566034,0.156002359,0.351276019,0.234693521,0.037059238,JOSE MARTIN LOPEZ CISNEROS,MARIO JESUS PEÑA GARZA,MA DEL ROSARIO PIEDRA IBARRA,0.166748,0.01048,-0.003104038,-0.081127487,0.118943121
11,19,PAN,0.29785018,0.193160595,0.183324782,0.360712549,0.267446444,0.029955722,ERNESTO ALFONSO ROBLEDO LEAL,HECTOR GARCIA GARCIA,ARTURO BENAVIDES CASTILLO,0.188065667,0.011959,-0.062862369,-0.074285849,0.15336906
12,19,MORENA,0.121340595,0.209970821,0.234476462,0.244435475,0.313525566,0.02016065,BERTHA MARTINEZ MORIN,CARLOS BARONA MORALES,SANDRA PAOLA GONZALEZ CASTAÑEDA,0.2167154,0.0112016,-0.12309488,-0.103554745,0.214315812
1,20,MORENA,0.094286801,0.18110314,0.410416183,0.1090922,0.351143231,0.170498477,LAURA ALICIA CASTELLANOS BARRERA,JORGE ANTONIO ILLESCAS DELGADO,IRINEO MOLINA ESPINOZA,0.745690455,0.300510818,-0.014805399,-0.170040091,0.239917706
2,20,MORENA,0.042334061,0.217229789,0.434715775,0.067418106,0.317128805,0.146252448,ANAMIA MENDEZ ORTEGA,FRANCISCO MARTIN VELA GIL,IRMA JUAN CARLOS,0.841664461,0.428665039,-0.025084045,-0.099899016,0.288463327
3,20,MORENA,0.0672718,0.155619411,0.476058759,0.102891689,0.274710483,0.131843394,GLORIA NAXHIELY ESTRADA BAUTISTA,JUAN ANTONIO VERA CARRIZAL,MARGARITA GARCIA GARCIA,0.817268182,0.295256263,-0.035619889,-0.119091072,0.344215365
4,20,MORENA,0.072408127,0.14565676,0.48955334,0.15777936,0.264297541,0.203250303,MARIA DE FATIMA GARCIA LEON,FELICITAS HERNANDEZ MONTAÑO,AZAEL SANTIAGO CHEPI,0.808503008,0.310365686,-0.085371233,-0.118640781,0.286303037
5,20,MORENA,0.041686216,0.149865039,0.546458162,0.065327814,0.306487761,0.091821056,VICTOR RAFAEL GONZALEZ MANRIQUEZ,JOSE ANTONIO ESTEFAN GILLESSEN,CAROL ANTONIO ALTAMIRANO,0.801029822,0.324237578,-0.023641598,-0.156622722,0.454637106
6,20,MORENA,0.036296612,0.145764811,0.427736851,0.039343663,0.268458339,0.172841538,JOSE ALEJANDRO LOPEZ SANCHEZ,FANY IVONNE GUZMAN VASQUEZ,BEATRIZ DOMINGA PEREZ LOPEZ,0.888677171,0.459623305,-0.003047051,-0.122693528,0.254895313
7,20,MORENA,0.033438514,0.225967602,0.435593811,0.043587831,0.284375241,0.105870857,AURELIA BENITEZ CASTILLEJOS,MARIA LUISA MATUS FUENTES,ROSALINDA DOMINGUEZ FLORES,0.701728048,0.23550081,-0.010149317,-0.058407639,0.329722954
8,20,MORENA,0.102253962,0.135437031,0.520783904,0.120782967,0.219994791,0.148161726,NA,MARTHA ALICIA ESCAMILLA LEON,ANGEL BENJAMIN ROBLES MONTOYA,0.458571143,0.081134857,-0.018529005,-0.08455776,0.372622178
9,20,MORENA,0.034297705,0.234068016,0.419826231,0.041649051,0.422037742,0.097172579,TOMAS BASALDU GUTIERREZ,MIRIAM PILAR LIBORIO HERNANDEZ,MARIA DEL CARMEN BAUTISTA PELAEZ,0.827715071,0.380980548,-0.007351346,-0.187969726,0.322653652
10,20,MORENA,0.113373575,0.155242197,0.438373824,0.220013095,0.301737927,0.098971499,JUAN MENDOZA REYES,JORGE ARMANDO ZARATE MEDINA,DANIEL GUTIERREZ GUTIERREZ,0.872719185,0.410795492,-0.10663952,-0.14649573,0.339402325
1,21,MORENA,0.256415017,0.19305988,0.30232226,0.374462776,0.372584636,0.050922277,ERIKA PATRICIA VALENCIA AVILA,RICARDO URZUA RIVERA,MIGUEL ACUNDO GONZALEZ,0.774404579,0.231583474,-0.118047759,-0.179524756,0.251399983
2,21,PRI,0.221620736,0.286908717,0.222467599,0.359972875,0.412780133,0.036703711,MAIELLA MARTHA GABRIELA GOMEZ MALDONADO,JUAN ENRIQUE RIVERA REYES,EVELIA HERNÁNDEZ JUÁREZ,0.814923345,0.274562828,-0.138352139,-0.125871416,0.185763888
3,21,MORENA,0.208234001,0.21357585,0.303597532,0.374247133,0.266106555,0.088710194,GUADALUPE SOTO RAMIREZ,KARLA VICTORIA MARTINEZ GALLEGOS,CLAUDIA BAEZ RUIZ,0.713359714,0.167606214,-0.166013132,-0.052530705,0.214887338
4,21,MORENA,0.166590064,0.213795339,0.356204613,0.151617109,0.350112023,0.038798117,ROSALIO ZANATTA VIDAURRI,NESTOR CAMARILLO MEDINA,INÉS PARRA JUÁREZ,0.82555695,0.2728502,0.014972955,-0.136316684,0.317406496
5,21,MORENA,0.147703298,0.148502287,0.406528732,0.299642803,0.193670638,0.090932851,JOSE GAUDENCIO VICTOR LEON CASTAÑEDA,JANET GRACIELA GONZALEZ TOSTADO,LIZETH SANCHEZ GARCIA,0.715769333,0.106528167,-0.151939505,-0.045168351,0.315595881
6,21,MORENA,0.16920581,0.140159654,0.486408956,0.245275103,0.218882026,0.153675029,MARIA DE GUADALUPE ARRUBARRENA GARCIA,FRINE SORAYA CORDOVA MORAN,ALEJANDRO CARVAJAL HIDALGO,0.406445,0.037554,-0.076069293,-0.078722372,0.332733927
7,21,MORENA,0.187669964,0.138478738,0.412646295,0.299724003,0.439316239,0.066248219,MARIO ALBERTO RINCON GONZALEZ,HUMBERTO ELOY AGUILAR VIVEROS,EDGAR GUZMÁN VALDEZ,0.706326769,0.112569154,-0.112054039,-0.300837501,0.346398076
8,21,MORENA,0.202333192,0.199060728,0.257215658,0.392755763,0.336590368,0.056854541,FERNANDO MORALES MARTINEZ,JUAN NAVARRO RODRIGUEZ,JULIETA KRISTAL VENCES VALENCIA,0.779212864,0.154589682,-0.190422571,-0.13752964,0.200361117
9,21,MORENA,0.269875186,0.078646056,0.457769067,0.284535195,0.140357627,0.170340039,JORGE FOUAD AGUILAR CHEDRAUI,LIDIA FELISA LOPEZ AGUIRRE,JOSE GUILLERMO ARECHIGA SANTAMARIA,0.3995015,0.0329175,-0.014660009,-0.061711571,0.287429028
10,21,MORENA,0.243285604,0.086357398,0.428326169,0.279366057,0.133639478,0.141311754,ANA CRISTINA RUIZ RANGEL,MARIA VANESSA BARAHONA DE LA ROSA,NAYELI SALVATORI BOJALIL,0.574670286,0.096794286,-0.036080453,-0.04728208,0.287014415
11,21,MORENA,0.191665321,0.113686534,0.472960749,0.211382285,0.227793364,0.165510016,JORGE ROBERTO RUIZ ESPARZA ORUÑA,RAMON FERNANDEZ SOLANA,BENJAMIN SAUL HUERTA CORONA,0.406445,0.037554,-0.019716964,-0.11410683,0.307450733
12,21,MORENA,0.238507815,0.113694661,0.447171013,0.24857527,0.179309713,0.177506837,ROXANA LUNA PORQUILLO,KARINA ROMERO ALCALA,FERNANDO LUIS MANZANILLA PRIETO,0.406445,0.037554,-0.010067455,-0.065615052,0.269664176
13,21,MORENA,0.187780396,0.18743344,0.372997171,0.16002649,0.331046358,0.086419426,NEFTALI SALVADOR ESCOBEDO ZOLETTO,JUAN MANUEL VEGA RAYET,HECTOR GUILLERMO DE JESUS JIMENEZ Y MENESES,0.765022619,0.223958,0.027753906,-0.143612918,0.286577745
14,21,MORENA,0.147934332,0.215561195,0.395308677,0.154101987,0.421046212,0.073338917,MARIA DEL ROCIO AGUILAR NAVA,MARITZA MARIN MARCELO,NELLY MACEDA CARRERA,0.834194,0.264117196,-0.006167655,-0.205485017,0.32196976
15,21,MORENA,0.144708934,0.149096794,0.478513053,0.366583648,0.169529371,0.061688423,LORENA ABASCAL HERRERO,LISANDRO ARISTIDES CAMPOS CORDOVA,ALEJANDRO BARROSO CHAVEZ,0.714745875,0.176484375,-0.221874714,-0.020432577,0.41682463
1,22,PAN,0.294788109,0.228426336,0.210685119,0.390169994,0.354146759,0.02832822,SONIA ROCHA ACOSTA,SERGIO DAVID PALACIOS MONTES,ASTRID ALEJANDRA ORTEGA VAZQUEZ,0.5305116,0.0974018,-0.095381885,-0.125720423,0.182356899
2,22,MORENA,0.254400122,0.181808302,0.313374522,0.332173795,0.312148078,0.048172713,ESAU MAGALLANES ALONSO,LUIS ANTONIO MACIAS TREJO,JORGE LUIS MONTES NIEVES,0.416139333,0.036826,-0.077773673,-0.130339776,0.265201809
3,22,MORENA,0.275230996,0.193087501,0.324287742,0.409399188,0.275692863,0.068065895,ALEJANDRO CANO ALCALA,MANUEL POZO CABRERA,BEATRIZ SILVIA ROBLES GUTIERREZ,0.229628,0.014576,-0.134168192,-0.082605362,0.256221847
4,22,PAN,0.358959375,0.141224596,0.29266065,0.425392987,0.240171974,0.081069461,FELIPE FERNANDO MACIAS OLVERA,MARIA CRISTINA NIÑO DE RIVERA BURGUEÑO,EUNICE ARIAS ARIAS,0.229628,0.014576,-0.066433612,-0.098947378,0.211591189
5,22,PAN,0.370342333,0.17808974,0.215513978,0.395639723,0.324649731,0.043541186,ANA PAOLA LOPEZ BIRLAIN,MARIA ISABEL AGUILAR MORALES,ANTONIO LOPEZ ANDRES,0.36754775,0.05881475,-0.02529739,-0.146559991,0.171972792
1,23,MORENA,0.143872959,0.131463763,0.466880654,0.089092824,0.4806787,0.132210895,MIGUEL RAMON MARTIN AZUETA,LESLIE ANGELINA HENDRICKS RUBIO,ADRIANA PAULINA TEISSIER ZAVALA,0.346376333,0.054948167,0.054780135,-0.349214937,0.334669759
2,23,MORENA,0.154745382,0.134711597,0.414463704,0.102096893,0.329970919,0.132897969,LUIS ALFONSO TORRES LLANES,CORA AMALIA CASTILLA MADRID,CARMEN PATRICIA PALMA OLVERA,0.667076,0.23208775,0.052648489,-0.195259322,0.281565735
3,23,MORENA,0.078451129,0.046021726,0.602526291,0.065725308,0.208153623,0.138722122,KARLA YLIANA ROMERO GOMEZ,ANA PATRICIA PERALTA DE LA PEÑA,MILDRED CONCEPCION AVILA VERA,0.276957,0.02616,0.012725821,-0.162131897,0.463804169
4,23,MORENA,0.175713775,0.070919859,0.507563803,0.121460571,0.191348895,0.122607335,GABRIELA DEL PILAR LOPEZ PALLARES,ELDA CANDELARIA AYUSO ACHACH,JESUS DE LOS ANGELES POOL MOO,0.360903,0.06149425,0.054253204,-0.120429036,0.384956468
1,24,PRI,0.195897655,0.253963214,0.178312877,0.237677398,0.318256951,0.037442374,JUAN JOSE JOVER NAVARRO,MA SARA ROCHA MEDINA,ARIEL JOSUE CHAVEZ REYNA,0.625843571,0.097468929,-0.041779743,-0.064293737,0.140870503
2,24,PRD,0.092360226,0.180561643,0.20409765,0.156753197,0.203368924,0.034984121,JOSE RICARDO GALLARDO CARDONA,JOSE LUIS ROMERO CALZADA,JESUS MARIA HERNANDEZ REYNA,0.496487,0.071503143,-0.064392971,-0.022807281,0.169113529
3,24,PRI,0.240439167,0.263405322,0.165381218,0.337251581,0.339355979,0.023117249,JORGE LUIS DIAZ SALINAS,OSCAR BAUTISTA VILLEGAS,ANA MARIA GONZALEZ CASTELLANOS,0.686424938,0.160741938,-0.096812414,-0.075950657,0.142263969
4,24,MORENA,0.191180964,0.182988313,0.309933033,0.316465108,0.339218245,0.032912007,RAQUEL HURTADO BARRERA,MARGARITA IBARRA VILLANUEVA,JOSÉ RICARDO DELSOL ESTRADA,0.596951,0.134614143,-0.125284144,-0.156229932,0.277021026
5,24,PAN,0.336889278,0.109671255,0.252048055,0.300874156,0.156140979,0.056840039,JOSEFINA SALAZAR BAEZ,MARTHA ORTA RODRIGUEZ,PALOMA RACHEL AGUILAR CORREA,0.239926,0.01891,0.036015122,-0.046469724,0.195208016
6,24,MORENA,0.234709719,0.087451023,0.313590792,0.245785961,0.099158511,0.049519903,MA. GUADALUPE ALMAGUER PARDO,MIGUEL TORRES HERNANDEZ,AMELIA ARAIZA DAVILA,0.239926,0.01891,-0.011076242,-0.011707488,0.264070889
7,24,PRI,0.220926681,0.240264884,0.189685256,0.295103198,0.284241972,0.048810217,MARCELINO RIVERA HERNANDEZ,BERNARDA REYES HERNANDEZ,ALFONSO FELIPE JOSEFA,0.807278385,0.309498154,-0.074176517,-0.043977088,0.140875039
1,25,MORENA,0.15866487,0.235267002,0.421926341,0.210995188,0.262554645,0.034614819,CARLOS EDUARDO FELTON GONZALEZ,IRMA LETICIA TIRADO SANDOVAL,MAXIMILIANO RUIZ ARIAS,0.39875,0.03402825,-0.052330318,-0.027287643,0.387311522
2,25,MORENA,0.160779097,0.170834065,0.470726136,0.269881964,0.418621541,0.065965508,ZENEN AARON XOCHIHUA ENCISO,RUBEN BENJAMIN FELIX HAYS,JOSE JAIME MONTES SALAS,0.314765,0.018606,-0.109102867,-0.247787476,0.404760628
3,25,MORENA,0.116948181,0.268025838,0.361540307,0.15961374,0.484820795,0.031184438,ADOLFO ROJO MONTOYA,MAYRA GISELA PEÑUELAS ACUÑA,JESUS FERNANDO GARCIA HERNANDEZ,0.459530167,0.0652455,-0.042665559,-0.216794957,0.330355869
4,25,MORENA,0.091515662,0.276544612,0.435046696,0.379096219,0.393545189,0.028422336,GLORIA GONZALEZ BURBOA,JOSE MENCHACA LOPEZ,CASIMIRO ZAMORA VALDEZ,0.470181333,0.070738667,-0.287580557,-0.117000577,0.40662436
5,25,MORENA,0.083071279,0.184570008,0.489016013,0.09852772,0.255256499,0.064596273,LUIS JAVIER DE LA ROCHA ZAZUETA,MOISES AARON RIVAS LOAIZA,NANCY YADIRA SANTIAGO MARCOS,0.248534,0.012285,-0.015456441,-0.070686491,0.42441974
6,25,MORENA,0.138184866,0.230543788,0.409953188,0.1609632,0.311723316,0.039531388,MA. DEL ROSARIO TORRES NORIEGA,MARIA EUGENIA MEDINA MIYAZAKI,OLEGARIA CARRAZCO MACIAS,0.3904006,0.0461608,-0.022778334,-0.081179528,0.3704218
7,25,MORENA,0.09535416,0.219005439,0.487560562,0.099406275,0.314685873,0.052557806,JOSE VIDAL JIMENEZ RAMIREZ,JUAN ERNESTO MILLAN PIETSCH,MERARY VILLEGAS SANCHEZ,0.248534,0.012285,-0.004052115,-0.095680434,0.435002756
1,26,MORENA,0.171848661,0.212527383,0.401752497,0.419988369,0.343198893,0.056544906,LEONARDO ARTURO GUILLEN MEDINA,GABRIELA GONZALEZ NAVARRO,MANUEL DE JESUS BALDENEBRO ARREDONDO,0.2660442,0.0252265,-0.248139708,-0.13067151,0.345207591
2,26,MORENA,0.165980872,0.226336993,0.36029154,0.41305233,0.320116731,0.032043518,ANGELICA MIRANDA MOLINA,HUMBERTO JESUS ROBLES POMPA,ANA GABRIELA GUEVARA ESPINOZA,0.281110273,0.018080364,-0.247071458,-0.093779738,0.328248022
3,26,MORENA,0.144456872,0.213096855,0.418424276,0.402062626,0.355017994,0.043017077,JOSE CARLOS SERRATO CASTELL,DAVID HOMERO PALAFOX CELAYA,LORENIA IVETH VALLES SAMPEDRO,0.194315,0.013725,-0.257605754,-0.141921139,0.375407199
4,26,MORENA,0.130955836,0.25898515,0.36512601,0.362474997,0.376697547,0.036440678,JESUS SALDAÑA LOPEZ,OTTO GUILLERMO CLAUSEN IBERRI,HERIBERTO MARCELO AGUILAR CASTILLO,0.269589341,0.030318927,-0.231519161,-0.117712397,0.328685332
5,26,MORENA,0.146879433,0.238820116,0.395132173,0.386644064,0.385220604,0.040096278,RITA OLIVIA BURGOS VILLAESCUSA,IRIS FERNANDA SANCHEZ CHIU,MARIA WENDY BRICEÑO ZULOAGA,0.194315,0.013725,-0.239764631,-0.146400488,0.355035895
6,26,MORENA,0.04257698,0.17632732,0.478300547,0.257290163,0.463325772,0.043184162,VERONICA ISABEL MONTOYA URIARTE,ANABEL ACOSTA ISLAS,CARLOS JAVIER LAMARQUE CANO,0.287543,0.020047,-0.214713183,-0.286998452,0.435116385
7,26,MORENA,0.137464286,0.252233326,0.420285452,0.387302978,0.43025144,0.021013493,RAUL AUGUSTO SILVA VELA,ANA MARIA LUISA VALDES AVILES,HILDELISA GONZALEZ MORALES,0.481816714,0.089123571,-0.249838692,-0.178018114,0.399271959
1,27,MORENA,0.019875677,0.095519084,0.582725479,0.050998071,0.251097946,0.11570508,YOLANDA ISABEL BOLON HERRADA,MARITZA MALLELY JIMENEZ PEREZ,ESTELA NUÑEZ ALVAREZ,0.5716362,0.1199124,-0.031122394,-0.155578862,0.467020399
2,27,MORENA,0.008168117,0.090841546,0.598487173,0.018953371,0.317505119,0.050104686,OVIDIO CHABLE MARTINEZ DE ESCOBAR,CARLOS HERNANDEZ REYEZ,TERESA BURELO CORTAZAR,0.5581745,0.1069105,-0.010785254,-0.226663573,0.548382487
3,27,MORENA,0.012216921,0.117984701,0.574311384,0.008280689,0.21712767,0.236313491,ALIPIO OVANDO MAGAÑA,MINERVA OCAÑA PEREZ,GREGORIO EFRAIN ESPADAS MENDEZ,0.4887995,0.088703,0.003936232,-0.099142969,0.337997893
4,27,MORENA,0.021121292,0.075815572,0.741314417,0.031604479,0.247650724,0.198711711,SOLANGE MARIA SOLER LANZ,JORGE ALBERTO LAZO ZENTELLA,MANUEL RODRIGUEZ GONZALEZ,0.289665,0.028869,-0.010483187,-0.171835152,0.542602706
5,27,MORENA,0.01581868,0.089263837,0.643102299,0.132231738,0.246079239,0.085637602,MARIA CANDELARIA JIMENEZ LEON,AQUILES REYES QUIROZ,LAURA PATRICIA AVALOS MAGAÑA,0.46327925,0.087651,-0.116413058,-0.156815402,0.557464697
6,27,MORENA,0.015143218,0.097915057,0.631189063,0.022230842,0.296216102,0.112367317,GUILLERMO TORRES LOPEZ,YOLANDA RUEDA DE LA CRUZ,RICARDO DE LA PEÑA MARSHALL,0.45972275,0.080451,-0.007087624,-0.198301045,0.518821746
1,28,PAN,0.324730389,0.210269097,0.301449819,0.405674542,0.407905547,0.019059153,JOSE SALVADOR ROSAS QUINTANILLA,JUAN DE DIOS JUANES CARRIZALEZ,JOSE HERIBERTO CANTU DEANDAR,0.355003,0.033011,-0.080944153,-0.19763645,0.282390666
2,28,MORENA,0.344816643,0.136286243,0.352792916,0.267833056,0.405189241,0.05224153,JUANA ALICIA SANCHEZ JIMENEZ,ARMANDO BENITO DE JESUS SAENZ BARELLA,OLGA JULIANA ELIZONDO GUERRA,0.469062667,0.028930667,0.076983587,-0.268902998,0.300551386
3,28,PAN,0.315961351,0.222076333,0.294902872,0.234270424,0.497455675,0.03520345,MA. DEL CARMEN PEREZ ROSAS,COPITZI YESENIA HERNANDEZ GARCIA,HECTOR JOEL VILLEGAS GONZALEZ,0.545759714,0.086034,0.081690927,-0.275379342,0.259699422
4,28,MORENA,0.319427628,0.194415317,0.346389364,0.313414096,0.421084099,0.030185267,VERONICA SALAZAR VASQUEZ,ANTO ADAN MARTE TLALOC TOVAR GARCIA,ADRIANA LOZANO RODRIGUEZ,0.397305,0.042316,0.006013532,-0.226668782,0.316204097
5,28,PAN,0.310008054,0.270932591,0.245364216,0.092161237,0.422099343,0.016758302,MARIO ALBERTO RAMOS TAMEZ,ALEJANDRA CARDENAS CASTILLEJOS,REYNA GUADALUPE GARZA HINOJOSA,0.646797,0.139453125,0.217846817,-0.151166752,0.228605914
6,28,PAN,0.422623264,0.199263172,0.189829025,0.21324091,0.51473316,0.019004525,VICENTE JAVIER VERASTEGUI OSTOS,FLORENTINO ARON SAENZ COBOS,HECTOR LOPEZ GONZALEZ,0.637361,0.119583444,0.209382354,-0.315469988,0.1708245
7,28,MORENA,0.272755302,0.17067853,0.382452045,0.170797992,0.416098655,0.047902923,JESUS ZEFERINO LEE RODRIGUEZ,GRISELDA CARRILLO REYES,ERASMO GONZALEZ ROBLEDO,0.349293,0.0326745,0.10195731,-0.245420125,0.334549122
8,28,MORENA,0.328834325,0.151369536,0.344872085,0.284412146,0.350050231,0.061626909,MA DEL ROSARIO GONZALEZ FLORES,ELVIA ILSE HOLGUERA ALTAMIRANO,OLGA PATRICIA SOSA RUIZ,0.282824,0.020716,0.044422179,-0.198680695,0.283245176
9,28,MORENA,0.314258332,0.082054451,0.443531607,0.275749621,0.403364551,0.048606128,ERNESTO GABRIEL ROBINSON TERAN,GUSTAVO RICO DE SARO,ARMANDO JAVIER ZERTUCHE ZUANI,0.348066,0.029813,0.038508711,-0.3213101,0.394925479
1,29,MORENA,0.166392398,0.170648288,0.407394415,0.158558946,0.363378674,0.194837877,HUMBERTO AGUSTIN MACIAS ROMERO,MARIANO GONZALEZ AGUIRRE,JOSE DE LA LUZ SOSA SALINAS,0.643133263,0.071617947,0.007833452,-0.192730386,0.212556538
2,29,MORENA,0.105051412,0.144236779,0.494062473,0.16941269,0.217763794,0.103251622,LAURA ALEJANDRA RAMIREZ ORTIZ,BLANCA AGUILA LIMA,RUBEN TERAN AGUILA,0.5382394,0.053015067,-0.064361278,-0.073527015,0.390810851
3,29,MORENA,0.079062695,0.112671071,0.534413561,0.126047998,0.272016698,0.100389506,MARIA GUADALUPE SANCHEZ SANTIAGO,SANDRA CORONA PADILLA,LORENA CUELLAR CISNEROS,0.574740214,0.054265571,-0.046985303,-0.159345627,0.434024055
1,30,PAN,0.356718163,0.135439212,0.313599274,0.272865947,0.351507544,0.047008882,RICARDO GARCIA ESCALANTE,MANUEL GUERRERO SANCHEZ,REYNA ENITH DOMINGUEZ WONG,0.633927154,0.140521077,0.083852216,-0.216068332,0.266590392
2,30,PAN,0.320898393,0.140263634,0.265037339,0.248410458,0.260480424,0.033980583,JESUS GUZMAN AVILES,VALENTIN ARRIETA SAN ROMAN,MARIA GUADALUPE ARGUELLES LOZANO,0.811324733,0.325854067,0.072487935,-0.12021679,0.231056756
3,30,MORENA,0.272484514,0.163805297,0.389552748,0.300416794,0.338343287,0.090476878,ARTURO ESQUITIN ORTIZ,JOSE ROBERTO ARENAS MARTINEZ,MARIA BERTHA ESPINOZA SEGURA,0.631645667,0.1566135,-0.02793228,-0.17453799,0.29907587
4,30,MORENA,0.368233906,0.061702738,0.3937888,0.317594388,0.208063148,0.113788558,SERGIO GIL RULLAN,SHEILA RUBI FLORES TENORIO,RICARDO FRANCISCO EXSOME ZAPATA,0.332496,0.035771,0.050639518,-0.14636041,0.280000242
5,30,MORENA,0.138405318,0.092209001,0.416960482,0.095206786,0.248050673,0.101985443,GREGORIO GOMEZ MARTINEZ,LILIA CHRISTFIELD LUGO,RAQUEL BONILLA HERRERA,0.484724,0.091421333,0.043198532,-0.155841672,0.314975039
6,30,MORENA,0.204215954,0.139658154,0.356610582,0.073839436,0.28459859,0.055198826,RODOLFO GUADALUPE QUIROZ MAR,CELESTINO PINO GUEVARA,JAIME HUMBERTO PEREZ BERNABE,0.759341333,0.317880867,0.130376518,-0.144940436,0.301411756
7,30,MORENA,0.203904224,0.123930434,0.436814372,0.21615129,0.241154284,0.124625816,EDUARDO SANCHEZ MACIAS,DALIA JAZMIN GUTIERREZ DE LA ROSA,RODRIGO CALDERON SALAS,0.754261222,0.195254,-0.012247066,-0.11722385,0.312188556
8,30,MORENA,0.276577318,0.136947016,0.371211691,0.202926465,0.269064864,0.106981479,NOREYA PORTILLA GUMECINDO,MARILDA ELISA RODRIGUEZ AGUIRRE,DANIELA GUADALUPE GRIEGO CEBALLOS,0.675466955,0.138767273,0.073650853,-0.132117848,0.264230212
9,30,MORENA,0.278640545,0.181172012,0.340466546,0.200830856,0.250072676,0.159016101,ESTEBAN DE JESUS ACOSTA LAGUNES,LINDA RUBI MARTINEZ DIAZ,CARMEN MORA GARCIA,0.6916415,0.131319,0.077809689,-0.068900664,0.181450445
10,30,MORENA,0.202675494,0.092414108,0.496304075,0.179284921,0.11296561,0.252193348,YOLANDA RENDON HERNANDEZ,MARIA AMPARO ALVAREZ CASTILLA,RAFAEL HERNANDEZ VILLALPANDO,0.375683,0.036397,0.023390573,-0.020551502,0.244110727
11,30,MORENA,0.158531719,0.086486541,0.607411112,0.100611503,0.208569596,0.336660252,RENATO TRONCO GOMEZ,FERNANDO BAÑOS SANCHEZ,FLORA TANIA CRUZ SANTOS,0.4839295,0.07195475,0.057920216,-0.122083055,0.27075086
12,30,PAN,0.424391247,0.097021335,0.326291745,0.415109515,0.180738939,0.108119064,MARIANA DUNYASKA GARCIA ROJAS,RAUL ZARRABAL FERAT,CITLALLI NAVARRO DEL ROSARIO,0.4203444,0.05428,0.009281732,-0.083717604,0.218172681
13,30,MORENA,0.301688503,0.130135821,0.373127083,0.320718455,0.29458898,0.083186128,TITA NIEVA AGUIRRE,ANA ROSA VALDES SALAZAR,ELEUTERIO ARRIETA SANCHEZ,0.629316143,0.118722214,-0.019029952,-0.164453159,0.289940955
14,30,MORENA,0.19786776,0.121742176,0.501115838,0.102797515,0.323415395,0.159194768,MARICELA URIBE ESQUIVEL,RAUL ALFARO ALOR,CARMEN MEDEL PALMA,0.691321,0.193351714,0.095070245,-0.201673219,0.34192107
15,30,MORENA,0.230360277,0.104040056,0.42359709,0.259912409,0.2817088,0.136685265,HUGO CHAHIN MALULY,IVONNE RISSO LOPEZ,DULCE MARIA CORINA VILLEGAS GUARNEROS,0.6968202,0.2287642,-0.029552132,-0.177668744,0.286911825
16,30,MORENA,0.206637814,0.11957304,0.447340012,0.282381671,0.27020757,0.121360339,MARIA SOL ARRONIZ DE LA HUERTA,JUAN ANTONIO LAVIN TORRES,JUAN MARTINEZ FLORES,0.608357889,0.117890667,-0.075743857,-0.15063453,0.325979673
17,30,MORENA,0.27033171,0.126253363,0.404021877,0.097348363,0.464613206,0.103524808,TITO DELFIN CANO,JOSE JESUS VAZQUEZ GONZALEZ,VALENTIN REYES LOPEZ,0.612166786,0.133553,0.172983347,-0.338359843,0.300497069
18,30,MORENA,0.194418382,0.16127338,0.371835927,0.245611427,0.255662674,0.079695065,DULCE MARIA GARCIA LOPEZ,PEDRO MONTALVO GOMEZ,BONIFACIO AGUILAR LINDA,0.795355308,0.343306577,-0.051193045,-0.094389294,0.292140862
19,30,MORENA,0.250486759,0.077344157,0.386380321,0.138683858,0.342703995,0.10888414,RAFAEL FARARONI MORTERA,DIBANHI ARACELI DIAZ DE LA CERDA,PAOLA TENORIO ADAME,0.5830806,0.1170985,0.111802901,-0.265359838,0.277496181
20,30,MORENA,0.15298141,0.131984264,0.523133887,0.148420909,0.34628811,0.185434991,JESSICA MARGARITA ZETINA COLI,YAMILET CRUZ ESCOBAR,EULALIO JUAN RIOS FARARONI,0.696187357,0.228877357,0.004560501,-0.214303846,0.337698896
1,31,PRI,0.260235024,0.376429967,0.227419764,0.377547332,0.48221034,0.050578123,MANUEL JESUS ARGAEZ CEPEDA,JESUS CARLOS VIDAL PENICHE,JAZMIN YANELI VILLANUEVA MOO,0.701789314,0.220025914,-0.117312308,-0.105780373,0.176841641
2,31,PRI,0.268074898,0.323445783,0.200450767,0.298344247,0.431267585,0.027512885,INGRID DEL PILAR SANTOS DIAZ,MARIA ESTER ALONZO MORALES,PABLO EFREN DUARTE SANCHEZ,0.544301778,0.101221028,-0.030269349,-0.107821802,0.172937882
3,31,PAN,0.312895161,0.233354714,0.30900737,0.345935417,0.466727829,0.037843907,CECILIA ANUNCIACION PATRON LAVIADA,JOSE CRESCENCIO GUTIERREZ GONZALEZ,ROGER HERVE AGUILAR SALAZAR,0.229398,0.017961,-0.033040256,-0.233373115,0.271163463
4,31,PAN,0.390055355,0.213951768,0.26759046,0.429638071,0.372918473,0.04241088,JOSE ELIAS LIXA ABIMERHI,MARY TONY GASQUE LOPEZ,ANTONIO PERAZA VALDEZ,0.229398,0.017961,-0.039582716,-0.158966705,0.22517958
5,31,PRI,0.24897372,0.333631055,0.191832704,0.319069368,0.462609653,0.018886409,SARA GUADALUPE CASTILLO NOVELO,JUAN JOSE CANUL PEREZ,ALEJANDRA DE LOS ANGELES NOVELO SEGURA,0.686338618,0.195287735,-0.070095648,-0.128978598,0.172946295
1,32,MORENA,0.129899614,0.222494224,0.357771446,0.070166424,0.32677198,0.039782522,MARIA DE LOURDES MARTINEZ ARIAS,NORMA ANGELICA CASTORENA BERRELLEZA,MIRNA ZABEIDA MALDONADO TAPIA,0.60014825,0.092822,0.05973319,-0.104277756,0.317988924
2,32,PRI,0.198522271,0.233081393,0.21511846,0.261681631,0.349179341,0.02671396,MARIO CERVANTES GONZALEZ,LYNDIANA ELIZABETH BUGARÍN CORTES,MARCO ANTONIO FLORES SANCHEZ,0.6096035,0.06718125,-0.06315936,-0.116097948,0.1884045
3,32,MORENA,0.094680944,0.237891818,0.327717722,0.077164217,0.324248915,0.063607343,MARIA ELENA ORTEGA CORTES,CARLOS AURELIO PEÑA BADILLO,ALFREDO FEMAT BAÑUELOS,0.557685462,0.066990385,0.017516727,-0.086357097,0.264110379
4,32,MORENA,0.07142894,0.305472591,0.322351011,0.053252428,0.311516848,0.158982652,ROSA MARIA LOZANO ALDRETE,ROBERTO LUEVANO RUIZ,SAMUEL HERRERA CHAVEZ,0.623913333,0.082826556,0.018176512,-0.006044257,0.163368359
